{"cameraMode":{"drawMode":0,"name":"Shaded","section":"Shading Mode"},"sceneLighting":true,"audioPlay":false,"sceneViewState":{"m_AlwaysRefresh":false,"showFog":true,"showSkybox":false,"showFlares":true,"showImageEffects":true,"showParticleSystems":true,"showVisualEffectGraphs":true,"m_FxEnabled":true},"in2DMode":false,"pivot":{"x":0.059844136238098147,"y":2.7354440689086916,"z":1.4179058074951172},"rotation":{"x":0.028918776661157609,"y":0.9232696294784546,"z":-0.3766059875488281,"w":0.07073117047548294},"size":7.220544815063477,"orthographic":false}