{"cameraMode":{"drawMode":0,"name":"Shaded","section":"Shading Mode"},"sceneLighting":false,"audioPlay":false,"sceneViewState":{"m_AlwaysRefresh":false,"showFog":true,"showSkybox":false,"showFlares":true,"showImageEffects":true,"showParticleSystems":true,"showVisualEffectGraphs":true,"m_FxEnabled":true},"in2DMode":false,"pivot":{"x":0.06174403429031372,"y":-0.1167135238647461,"z":1.2795653343200684},"rotation":{"x":0.49953827261924746,"y":-0.2278604656457901,"z":0.13809920847415925,"w":0.8243539929389954},"size":1.1452409029006959,"orthographic":false}