{"cameraMode":{"drawMode":0,"name":"Shaded","section":"Shading Mode"},"sceneLighting":true,"audioPlay":false,"sceneViewState":{"m_AlwaysRefresh":false,"showFog":true,"showSkybox":false,"showFlares":true,"showImageEffects":true,"showParticleSystems":true,"showVisualEffectGraphs":true,"m_FxEnabled":true},"in2DMode":false,"pivot":{"x":0.0645151138305664,"y":0.8470001220703125,"z":0.0646674633026123},"rotation":{"x":-0.07890868186950684,"y":0.9008370041847229,"z":-0.38491949439048769,"w":-0.18467195332050324},"size":12.638882637023926,"orthographic":false}