{"cameraMode":{"drawMode":0,"name":"Shaded","section":"Shading Mode"},"sceneLighting":false,"audioPlay":false,"sceneViewState":{"m_AlwaysRefresh":false,"showFog":true,"showSkybox":false,"showFlares":true,"showImageEffects":true,"showParticleSystems":true,"showVisualEffectGraphs":true,"m_FxEnabled":true},"in2DMode":false,"pivot":{"x":-0.01600697636604309,"y":0.26676449179649355,"z":-0.004325568675994873},"rotation":{"x":-0.03963962569832802,"y":0.9432864785194397,"z":-0.3061433732509613,"w":-0.12247975170612335},"size":0.36538681387901308,"orthographic":false}