{"cameraMode":{"drawMode":0,"name":"Shaded","section":"Shading Mode"},"sceneLighting":true,"audioPlay":false,"sceneViewState":{"m_AlwaysRefresh":false,"showFog":true,"showSkybox":true,"showFlares":true,"showImageEffects":true,"showParticleSystems":true,"showVisualEffectGraphs":true,"m_FxEnabled":true},"in2DMode":false,"pivot":{"x":27.231536865234376,"y":-23.32950782775879,"z":57.99091339111328},"rotation":{"x":0.39003416895866396,"y":-0.02633759193122387,"z":0.011329676024615765,"w":0.9204420447349548},"size":20.0566349029541,"orthographic":false}