{"cameraMode":{"drawMode":0,"name":"Shaded","section":"Shading Mode"},"sceneLighting":true,"audioPlay":false,"sceneViewState":{"m_AlwaysRefresh":false,"showFog":true,"showSkybox":true,"showFlares":true,"showImageEffects":true,"showParticleSystems":true,"showVisualEffectGraphs":true,"m_FxEnabled":true},"in2DMode":false,"pivot":{"x":42.68544387817383,"y":7.851227760314941,"z":32.191017150878909},"rotation":{"x":-0.2102336436510086,"y":-0.00536663644015789,"z":0.0010957070626318455,"w":-0.9776669144630432},"size":13.652591705322266,"orthographic":false}