{"cameraMode":{"drawMode":0,"name":"Shaded","section":"Shading Mode"},"sceneLighting":true,"audioPlay":false,"sceneViewState":{"m_AlwaysRefresh":false,"showFog":true,"showSkybox":true,"showFlares":true,"showImageEffects":true,"showParticleSystems":true,"showVisualEffectGraphs":true,"m_FxEnabled":true},"in2DMode":false,"pivot":{"x":49.964622497558597,"y":-11.299617767333985,"z":23.419620513916017},"rotation":{"x":-0.15860575437545777,"y":-0.7627202868461609,"z":0.20394004881381989,"w":-0.5929374098777771},"size":13.68765640258789,"orthographic":false}