{"cameraMode":{"drawMode":0,"name":"Shaded","section":"Shading Mode"},"sceneLighting":true,"audioPlay":false,"sceneViewState":{"m_AlwaysRefresh":false,"showFog":true,"showSkybox":true,"showFlares":true,"showImageEffects":true,"showParticleSystems":true,"showVisualEffectGraphs":true,"m_FxEnabled":true},"in2DMode":false,"pivot":{"x":27.025367736816408,"y":11.979850769042969,"z":31.693700790405275},"rotation":{"x":0.43987736105918887,"y":0.16341860592365266,"z":-0.08163932710886002,"w":0.879353940486908},"size":9.392343521118164,"orthographic":false}