{"cameraMode":{"drawMode":0,"name":"Shaded","section":"Shading Mode"},"sceneLighting":true,"audioPlay":false,"sceneViewState":{"m_AlwaysRefresh":false,"showFog":true,"showSkybox":true,"showFlares":true,"showImageEffects":true,"showParticleSystems":true,"showVisualEffectGraphs":true,"m_FxEnabled":true},"in2DMode":false,"pivot":{"x":507.50140380859377,"y":179.91220092773438,"z":3.332427978515625},"rotation":{"x":0.26695066690444949,"y":0.026720039546489717,"z":-0.007285791449248791,"w":0.9633793830871582},"size":135.75872802734376,"orthographic":false}