{"cameraMode":{"drawMode":0,"name":"Shaded","section":"Shading Mode"},"sceneLighting":false,"audioPlay":false,"sceneViewState":{"m_AlwaysRefresh":false,"showFog":true,"showSkybox":false,"showFlares":true,"showImageEffects":true,"showParticleSystems":true,"showVisualEffectGraphs":true,"m_FxEnabled":true},"in2DMode":false,"pivot":{"x":0.03245258331298828,"y":1.0858609676361085,"z":-0.007405996322631836},"rotation":{"x":0.026789890602231027,"y":-0.7202413082122803,"z":-0.027906982228159906,"w":-0.6926836371421814},"size":4.836306095123291,"orthographic":false}