{"cameraMode":{"drawMode":0,"name":"Shaded","section":"Shading Mode"},"sceneLighting":false,"audioPlay":false,"sceneViewState":{"m_AlwaysRefresh":false,"showFog":true,"showSkybox":false,"showFlares":true,"showImageEffects":true,"showParticleSystems":true,"showVisualEffectGraphs":true,"m_FxEnabled":true},"in2DMode":false,"pivot":{"x":-0.24796652793884278,"y":0.18462854623794557,"z":-0.2202872633934021},"rotation":{"x":-0.035520825535058978,"y":-0.8964551091194153,"z":0.07304011285305023,"w":-0.4356866776943207},"size":2.147367000579834,"orthographic":false}