{"cameraMode":{"drawMode":0,"name":"Shaded","section":"Shading Mode"},"sceneLighting":false,"audioPlay":false,"sceneViewState":{"m_AlwaysRefresh":false,"showFog":true,"showSkybox":false,"showFlares":true,"showImageEffects":true,"showParticleSystems":true,"showVisualEffectGraphs":true,"m_FxEnabled":true},"in2DMode":false,"pivot":{"x":27.315959930419923,"y":1.8463730812072755,"z":37.82060241699219},"rotation":{"x":-0.028349965810775758,"y":0.17511802911758424,"z":-0.005092063453048468,"w":-0.9841643571853638},"size":4.93073844909668,"orthographic":false}