{"cameraMode":{"drawMode":0,"name":"Shaded","section":"Shading Mode"},"sceneLighting":false,"audioPlay":false,"sceneViewState":{"m_AlwaysRefresh":false,"showFog":true,"showSkybox":false,"showFlares":true,"showImageEffects":true,"showParticleSystems":true,"showVisualEffectGraphs":true,"m_FxEnabled":true},"in2DMode":false,"pivot":{"x":-1.1695692539215088,"y":0.25923722982406618,"z":-0.7412588596343994},"rotation":{"x":0.08775369822978974,"y":-0.861838161945343,"z":0.15977583825588227,"w":0.47333085536956789},"size":1.3243370056152344,"orthographic":false}