{"cameraMode":{"drawMode":0,"name":"Shaded","section":"Shading Mode"},"sceneLighting":false,"audioPlay":false,"sceneViewState":{"m_AlwaysRefresh":false,"showFog":true,"showSkybox":false,"showFlares":true,"showImageEffects":true,"showParticleSystems":true,"showVisualEffectGraphs":true,"m_FxEnabled":true},"in2DMode":false,"pivot":{"x":1.4874718189239503,"y":4.248948097229004,"z":-0.7683572769165039},"rotation":{"x":-0.00021563898189924657,"y":-0.9997644424438477,"z":0.010804740712046624,"w":-0.020393120124936105},"size":7.194449424743652,"orthographic":false}