{"cameraMode":{"drawMode":0,"name":"Shaded","section":"Shading Mode"},"sceneLighting":false,"audioPlay":false,"sceneViewState":{"m_AlwaysRefresh":false,"showFog":true,"showSkybox":false,"showFlares":true,"showImageEffects":true,"showParticleSystems":true,"showVisualEffectGraphs":true,"m_FxEnabled":true},"in2DMode":false,"pivot":{"x":-0.5289549827575684,"y":-1.5373694896697999,"z":1.9784574508666993},"rotation":{"x":0.008198223076760769,"y":-0.9844796061515808,"z":0.16879761219024659,"w":0.04788801074028015},"size":5.831072807312012,"orthographic":false}