{"cameraMode":{"drawMode":0,"name":"Shaded","section":"Shading Mode"},"sceneLighting":true,"audioPlay":false,"sceneViewState":{"m_AlwaysRefresh":false,"showFog":true,"showSkybox":false,"showFlares":true,"showImageEffects":true,"showParticleSystems":true,"showVisualEffectGraphs":true,"m_FxEnabled":true},"in2DMode":false,"pivot":{"x":-0.0974668562412262,"y":0.26105889678001406,"z":0.003903031349182129},"rotation":{"x":-0.07890868186950684,"y":0.9008370041847229,"z":-0.38491949439048769,"w":-0.18467195332050324},"size":0.5729942321777344,"orthographic":false}