{"cameraMode":{"drawMode":0,"name":"Shaded","section":"Shading Mode"},"sceneLighting":false,"audioPlay":false,"sceneViewState":{"m_AlwaysRefresh":false,"showFog":true,"showSkybox":false,"showFlares":true,"showImageEffects":true,"showParticleSystems":true,"showVisualEffectGraphs":true,"m_FxEnabled":true},"in2DMode":false,"pivot":{"x":-0.2413797378540039,"y":1.3417794704437256,"z":0.06497907638549805},"rotation":{"x":0.004520378541201353,"y":-0.9509055018424988,"z":-0.013980410993099213,"w":-0.3092164397239685},"size":2.338090658187866,"orthographic":false}