{"cameraMode":{"drawMode":0,"name":"Shaded","section":"Shading Mode"},"sceneLighting":false,"audioPlay":false,"sceneViewState":{"m_AlwaysRefresh":false,"showFog":true,"showSkybox":false,"showFlares":true,"showImageEffects":true,"showParticleSystems":true,"showVisualEffectGraphs":true,"m_FxEnabled":true},"in2DMode":false,"pivot":{"x":0.6889481544494629,"y":0.7370068430900574,"z":0.5075852870941162},"rotation":{"x":-0.035520825535058978,"y":-0.8964551091194153,"z":0.07304011285305023,"w":-0.4356866776943207},"size":2.111351251602173,"orthographic":false}