{"cameraMode":{"drawMode":0,"name":"Shaded","section":"Shading Mode"},"sceneLighting":true,"audioPlay":false,"sceneViewState":{"m_AlwaysRefresh":false,"showFog":true,"showSkybox":false,"showFlares":true,"showImageEffects":true,"showParticleSystems":true,"showVisualEffectGraphs":true,"m_FxEnabled":true},"in2DMode":false,"pivot":{"x":-4.470348358154297e-8,"y":0.24599021673202516,"z":-0.00530049204826355},"rotation":{"x":-0.07890868186950684,"y":0.9008370041847229,"z":-0.38491949439048769,"w":-0.18467195332050324},"size":0.33493083715438845,"orthographic":false}