{"cameraMode":{"drawMode":0,"name":"Shaded","section":"Shading Mode"},"sceneLighting":true,"audioPlay":false,"sceneViewState":{"m_AlwaysRefresh":false,"showFog":true,"showSkybox":true,"showFlares":true,"showImageEffects":true,"showParticleSystems":true,"showVisualEffectGraphs":true,"m_FxEnabled":true},"in2DMode":false,"pivot":{"x":-154.24342346191407,"y":4.708913803100586,"z":-111.9736557006836},"rotation":{"x":-0.010975651443004609,"y":-0.9890769720077515,"z":0.10754096508026123,"w":-0.10062555223703385},"size":8.375535011291504,"orthographic":false}