{"cameraMode":{"drawMode":0,"name":"Shaded","section":"Shading Mode"},"sceneLighting":true,"audioPlay":false,"sceneViewState":{"m_AlwaysRefresh":false,"showFog":true,"showSkybox":false,"showFlares":true,"showImageEffects":true,"showParticleSystems":true,"showVisualEffectGraphs":true,"m_FxEnabled":true},"in2DMode":false,"pivot":{"x":0.12252426147460938,"y":0.8470001220703125,"z":0.06136488914489746},"rotation":{"x":-0.07890868186950684,"y":0.9008370041847229,"z":-0.38491949439048769,"w":-0.18467195332050324},"size":12.668194770812989,"orthographic":false}