{"cameraMode":{"drawMode":0,"name":"Shaded","section":"Shading Mode"},"sceneLighting":false,"audioPlay":false,"sceneViewState":{"m_AlwaysRefresh":false,"showFog":true,"showSkybox":false,"showFlares":true,"showImageEffects":true,"showParticleSystems":true,"showVisualEffectGraphs":true,"m_FxEnabled":true},"in2DMode":false,"pivot":{"x":32.83012008666992,"y":6.2502312660217289,"z":24.57071876525879},"rotation":{"x":-0.14472760260105134,"y":-0.3157864809036255,"z":0.048744067549705508,"w":-0.9365211725234985},"size":11.622746467590332,"orthographic":false}