{"cameraMode":{"drawMode":0,"name":"Shaded","section":"Shading Mode"},"sceneLighting":false,"audioPlay":false,"sceneViewState":{"m_AlwaysRefresh":false,"showFog":true,"showSkybox":false,"showFlares":true,"showImageEffects":true,"showParticleSystems":true,"showVisualEffectGraphs":true,"m_FxEnabled":true},"in2DMode":false,"pivot":{"x":31.688068389892579,"y":10.759632110595704,"z":6.722352504730225},"rotation":{"x":0.36934712529182436,"y":-0.012633256614208222,"z":0.005232878960669041,"w":0.9292818903923035},"size":16.449155807495118,"orthographic":false}