{"cameraMode":{"drawMode":0,"name":"Shaded","section":"Shading Mode"},"sceneLighting":false,"audioPlay":false,"sceneViewState":{"m_AlwaysRefresh":false,"showFog":true,"showSkybox":false,"showFlares":true,"showImageEffects":true,"showParticleSystems":true,"showVisualEffectGraphs":true,"m_FxEnabled":true},"in2DMode":false,"pivot":{"x":-0.4158916473388672,"y":2.7874221801757814,"z":0.6764071583747864},"rotation":{"x":0.026789890602231027,"y":-0.7202413082122803,"z":-0.027906982228159906,"w":-0.6926836371421814},"size":4.782166957855225,"orthographic":false}